{"version":3,"hash":{"type":"Buffer","data":"nArQdVtRiB4fCnGCSkd5OmccEEl1LxLLWZ8DxdNUYNQbbNJsPROuUEXqOWomC6tfmICAu1YMn6mUgCnjFlDEUWMeUDSUFzzYgWDZmoJzhw8P3JB9LYgs5EKD9hqp/DHx7stIQOY+7/8kpIDmYGQkm/jMYInfOODSlVpfjFg8EJg="},"indexValueMap":{"TEHme3mmKWQ2hGuc+UepG+SelMc7Hd02/C/4js2bmFA=":{"valueMac":{"type":"Buffer","data":"SUBvqjl+bdD+3OK/lS595F4Qn9zmY2NPxEU1lnMMcCg="}},"e8P82qtKiD2pg1KI8m+aS7dTXG00WTR7AbqiCJlYKaE=":{"valueMac":{"type":"Buffer","data":"0rCqmOMI8ONLMrm+wt0O++4utsAnobwaZ1CrH6fSM/I="}},"sG6U9ovRPXZsfHnWT7cemIeA6wGDr0/3yW8OU0m05Fg=":{"valueMac":{"type":"Buffer","data":"WNw0Los8l51WRFiwSwVOCHBx83yI4HWCkm5RuhF9eFc="}},"tqhRN5Xb3KR/g8ucmG+8G9C3ORGraUFs44IR5LWWzro=":{"valueMac":{"type":"Buffer","data":"eb15YFMdHZBDpiMpsCD7gn/gSiBcEbOLaBJ4shVrPho="}},"xHKvh0T5L+sVcw1R/ksm6lv/dF9jnhwLNsEwPkFfaaU=":{"valueMac":{"type":"Buffer","data":"UEf8pE4IvFiGDAgUwFqTLqz7tsmvJ1brAthjkkIcNoY="}},"335lUbckq0l6sBMnQQAwsm4iHRXs/IFzs7TqtoogJmE=":{"valueMac":{"type":"Buffer","data":"+qj7V9NdDz7gSB86VVA1MS5fP0g3lgPoFrrrYtrGGmo="}}}}