{"_sessions":{"BZkexpDO3fkAIRlPwkdChdpNxLBeoiPgLCL7dcCi1yx6":{"registrationId":1569563731,"currentRatchet":{"ephemeralKeyPair":{"pubKey":"BaIw9yXeHwVSO6PKvt7kpah9TdRpGPAQyPyG/z2LbtAF","privKey":"yMS5S0sPgbkeUbcqnTBIpgx4qDMjBoSJ+jXB0uIMvXs="},"lastRemoteEphemeralKey":"BWNsLf0HcAFgW79EzsccDe8yyKT45KG6zj53VIXBxRoS","previousCounter":0,"rootKey":"REiwQB7IxUNPB6NrKIvJ9NSB1/H6OUF2LqoCT60o6mc="},"indexInfo":{"baseKey":"BZkexpDO3fkAIRlPwkdChdpNxLBeoiPgLCL7dcCi1yx6","baseKeyType":2,"closed":-1,"used":1713490370883,"created":1713490370883,"remoteIdentityKey":"BXQoIT5zWll3rD4XHlk87PyRwI+uPXWjTNee87wr8GpC"},"_chains":{"BWNsLf0HcAFgW79EzsccDe8yyKT45KG6zj53VIXBxRoS":{"chainKey":{"counter":6,"key":"c7j4lKq0fAfZ7uhIT9q3QD1e6eMgGx4K77ulg2tgbtE="},"chainType":2,"messageKeys":{}},"BaIw9yXeHwVSO6PKvt7kpah9TdRpGPAQyPyG/z2LbtAF":{"chainKey":{"counter":-1,"key":"Rp0vTxIDeCuEDhlSz1VPfQx7RgVZbet4m3A9hoGBFko="},"chainType":1,"messageKeys":{}}}}},"version":"v1"}